{"cameraMode":{"drawMode":0,"name":"Shaded","section":"Shading Mode"},"sceneLighting":true,"audioPlay":false,"sceneViewState":{"showFog":false,"showMaterialUpdate":false,"showSkybox":false,"showFlares":false,"showImageEffects":false,"showParticleSystems":false},"in2DMode":false,"pivot":{"x":4.062698841094971,"y":-0.24725697934627534,"z":25.864530563354493},"rotation":{"x":0.1124427393078804,"y":-0.7443410158157349,"z":0.12968777120113374,"w":0.6453635096549988},"size":1.0876797437667847,"orthographic":false}